,lr,dt,rf,xgb
accuracy,0.7903159622486664,0.9565038982355355,0.95814526056627,0.954862535904801
precision,0.7743490838958534,0.9682692307692308,0.9692898272552783,0.9619047619047619
recall,0.7435185185185185,0.9324074074074075,0.9351851851851852,0.9351851851851852
roc_auc,0.8638929828870876,0.9576769289554845,0.9534768279701957,0.9553242446573325
